Roll.No,Student.Name,Seat
220348,DEVDHAR U PATIL,C48
220923,RUSHIL DEWAN,B4
220967,SANSKAAR SRIVASTAVA,B30
221089,SRUTHI SUBRAMANIAN,B40
221113,SUYASH JINDAL,B26
230077,ADITYA ROSE,B16
230550,KAVADI RAKESH,B7
240092,AKSHITA VINIT DIXIT,B21
240143,ANNADEVARA YASHVANTH CHARY,C5
240148,ANSHUMAN RAJ,C46
240158,ANUSHA GUPTA,C9
240165,ANUSKA KESHRI,B27
240229,AUSTIN SHIJO,B36
240281,BONNADA YAGNESH,C8
240358,DHRUV PALIWAL,B1
240486,JANI ravi kailash,B37
240542,KHASHA MEGANAKSHTRA,B17
240543,KHETRE KRISHNA DOCTOR,C14
240562,KRISHA GOTHI,B48
240575,KULDIP MANVAR,C34
240623,MANISH KUMAR MEENA,B20
240629,MANTHAN GUPTA,B46
240663,MUDAVATH SHESHU,C13
240741,PATTETI KAPIL CHANDU,C10
240749,PIYUSH VERMA,B33
240781,PRATHMESH WAMAN BAHATRE,C43
240789,PRAVAL VENKATA SHIV SAI JIDDU,B15
240823,RACHIT JINDAL,B19
240906,SAIGOURAV SAHOO,B6
240959,SHAMBHU SHIVANAND KHANAI,C32
241082,TALAKOLA MAHA LAKSHMI,C29
241108,TUSHAR ANAND BAGANI,B24
241125,VAIBHAV KALYAN,B12
241181,VIVAN BANSAL,C35
241183,VIVEK CHANDWANI,C7
251080050,Abhishek Kumar,B49
251080051,Aditi Ranakoti,C39
251080052,Agnish Batabyal,C20
251080053,Akash Roy,B14
251080054,Akshay Kumar Singh,C16
251080055,Ameya Ashok Mane,C23
251080056,Ananya Aggarwal,C15
251080057,Ananya Ghosh,B28
251080058,Ankit Pandey,C38
251080059,Anshika Choudhary,B32
251080060,Anubhav Hazra,B23
251080061,Atreyee Kayal,B11
251080062,Ayush Kundu,C27
251080063,Chandramohan Kushwah,C33
251080064,Debdeep Das,B9
251080065,Disha Kanojia,B44
251080066,Hardik Singhal,C37
251080067,Ibakmenlang Bareh,C24
251080068,Isha Goel,C40
251080069,Jayita Karmakar,C2
251080070,Kartik Misra,C6
251080071,Kaustabh Roy,C3
251080072,Kriti Maheshwari,B10
251080073,Lavesh Kumar,B31
251080074,Mangleshwari,B45
251080075,Manish Yadav,C47
251080076,Manya Gupta,C45
251080077,Mayank Bharti,C42
251080078,Mohak Gupta,B43
251080079,Niraj Rajeshkumar Mhatre,B5
251080080,Nisha Meena,B42
251080081,Nisha Rathore,B29
251080082,Pratya Bhukta,C19
251080083,Priyanshu Gupta,C25
251080084,Puspak Kumar Laha,B25
251080085,Ravi Kumar,C44
251080086,Rochisnu Dey,C26
251080087,Sagar Gupta,B8
251080088,Sagar Sandip Kurkutiya,B13
251080089,Sarita,B41
251080090,Saroj Karwal,B39
251080091,Sejal Verma,C41
251080092,Shaswata Banik,C36
251080093,Shiva Ranjan,B3
251080094,Shiwangi Yadav,B2
251080095,Shreaskar Sardar,C30
251080096,Shreya Tarafdar,B47
251080097,Shubham Kumar Patel,C28
251080098,Shubhronil Dutta,B34
251080099,Simar Juneja,C11
251080100,Soham Sarkar,C12
251080101,Soumyojit Das,B22
251080102,Sreyasi Dey,B38
251080103,Sumedha Banerjee,C22
251080104,Sumit Sana,C18
251080105,Suropriya Chakravarti,C17
251080106,Tanya Nailwal,B35
251080107,Tejavath Venkatesh,C21
251080108,Tisha Padmakar Dhande,B18
251080109,Vaibhav Khare,C31
251080110,Vijay Chandrakant Jadhav,C4
251080111,Vritika,C1
230352,PRADYUMNA  PRASHANT DESHMUKH,D2
240351,DHAWLE ARNAV VIJAY,D1
241044,SRUJANKARTHIKEYA TADE,D5
240674,NAINA BHALLA,D7
240525,KARTHIK RAO VARAM,D3
241211,YATIN PREETAM BHOJWANI,D6
240662,MRIDUL GARG,D4